k,P0_FKP_map0_tracer0,P0_MT_map0_tracer0,CROSS0_map0_tracers01,P2_FKP_map0_tracer0,P2_MT_map0_tracer0,CROSS2_map0_tracers01,P4_FKP_map0_tracer0,P4_MT_map0_tracer0,CROSS4_map0_tracers01,P0_FKP_map0_tracer1,P0_MT_map0_tracer1,CROSS0_map0_tracers02,P2_FKP_map0_tracer1,P2_MT_map0_tracer1,CROSS2_map0_tracers02,P4_FKP_map0_tracer1,P4_MT_map0_tracer1,CROSS4_map0_tracers02,P0_FKP_map0_tracer2,P0_MT_map0_tracer2,CROSS0_map0_tracers12,P2_FKP_map0_tracer2,P2_MT_map0_tracer2,CROSS2_map0_tracers12,P4_FKP_map0_tracer2,P4_MT_map0_tracer2,CROSS4_map0_tracers12,P0_FKP_map1_tracer0,P0_MT_map1_tracer0,CROSS0_map1_tracers01,P2_FKP_map1_tracer0,P2_MT_map1_tracer0,CROSS2_map1_tracers01,P4_FKP_map1_tracer0,P4_MT_map1_tracer0,CROSS4_map1_tracers01,P0_FKP_map1_tracer1,P0_MT_map1_tracer1,CROSS0_map1_tracers02,P2_FKP_map1_tracer1,P2_MT_map1_tracer1,CROSS2_map1_tracers02,P4_FKP_map1_tracer1,P4_MT_map1_tracer1,CROSS4_map1_tracers02,P0_FKP_map1_tracer2,P0_MT_map1_tracer2,CROSS0_map1_tracers12,P2_FKP_map1_tracer2,P2_MT_map1_tracer2,CROSS2_map1_tracers12,P4_FKP_map1_tracer2,P4_MT_map1_tracer2,CROSS4_map1_tracers12,P0_FKP_map2_tracer0,P0_MT_map2_tracer0,CROSS0_map2_tracers01,P2_FKP_map2_tracer0,P2_MT_map2_tracer0,CROSS2_map2_tracers01,P4_FKP_map2_tracer0,P4_MT_map2_tracer0,CROSS4_map2_tracers01,P0_FKP_map2_tracer1,P0_MT_map2_tracer1,CROSS0_map2_tracers02,P2_FKP_map2_tracer1,P2_MT_map2_tracer1,CROSS2_map2_tracers02,P4_FKP_map2_tracer1,P4_MT_map2_tracer1,CROSS4_map2_tracers02,P0_FKP_map2_tracer2,P0_MT_map2_tracer2,CROSS0_map2_tracers12,P2_FKP_map2_tracer2,P2_MT_map2_tracer2,CROSS2_map2_tracers12,P4_FKP_map2_tracer2,P4_MT_map2_tracer2,CROSS4_map2_tracers12,P0_FKP_map3_tracer0,P0_MT_map3_tracer0,CROSS0_map3_tracers01,P2_FKP_map3_tracer0,P2_MT_map3_tracer0,CROSS2_map3_tracers01,P4_FKP_map3_tracer0,P4_MT_map3_tracer0,CROSS4_map3_tracers01,P0_FKP_map3_tracer1,P0_MT_map3_tracer1,CROSS0_map3_tracers02,P2_FKP_map3_tracer1,P2_MT_map3_tracer1,CROSS2_map3_tracers02,P4_FKP_map3_tracer1,P4_MT_map3_tracer1,CROSS4_map3_tracers02,P0_FKP_map3_tracer2,P0_MT_map3_tracer2,CROSS0_map3_tracers12,P2_FKP_map3_tracer2,P2_MT_map3_tracer2,CROSS2_map3_tracers12,P4_FKP_map3_tracer2,P4_MT_map3_tracer2,CROSS4_map3_tracers12
0.04267491390925539,3908.582617691073,3881.3943956117582,3751.3464336628176,-4353.541217467621,-4318.59902243876,-5093.148735334248,17728.44233917709,17439.00751715823,15872.507639139949,3850.183076529089,3598.9643155585222,4597.204976295203,-4580.59792097859,-5690.671762405484,-2124.1704324197767,18373.127330833453,15065.788229247606,22538.136716444133,5105.516563887204,4892.815818920322,4107.588365113978,2804.496593765596,869.9289712526956,-6334.995160077532,37174.40687254649,27054.15747626521,16810.541926146587,6895.8626244436255,6894.233127026921,7140.0011808695845,-14158.365067512914,-14130.833054713285,-14932.650438319166,26056.02304481842,25895.200602142428,26280.796588778372,7381.292934178494,7240.626953635466,11269.953336547158,-16011.78204093369,-15593.88409286585,-23335.072695902836,28335.24598605036,26754.100075173847,41657.91091990734,19008.41373496229,18190.676547602474,11385.520949592837,-44317.028332297385,-38685.139866622536,-23996.19456696162,74816.30048619633,67194.06071408706,41768.6879137468,6386.631059721386,6378.089478661531,6511.9366169971745,4099.778503950495,4182.019691555252,6248.475866199635,37074.902087652794,36918.81503971254,38867.53248964098,6539.734587108268,6498.852573116486,8897.619962199076,8025.87533649759,8529.302742309215,6915.710588912948,41943.104740895134,40949.831381124306,51891.07151057007,11370.5616370715,12213.109821127066,9082.736797909714,9549.44051767796,10905.106958581326,9620.511605172176,75120.23475461375,73006.88458266802,54890.818180503506,2715.3008115426487,2693.0939704288853,3513.2853036734386,-5480.907118666027,-5436.061313985408,-8668.664551605129,10618.699477987142,10362.84808001879,11940.501028785313,5403.758761639436,4873.663695613019,4502.651331792286,-14217.558970014054,-13456.526412958514,-8210.655288997114,19299.388739625207,15931.41542047863,17477.830416053388,6142.683729598243,6614.079048253275,5033.922315302067,-12515.357478851083,-11593.022723824477,-12179.928853711202,31132.16131138814,26745.63523339177,17289.6913323337
0.0661124139092554,5763.3466284382675,5777.608373961011,6824.779212954824,6892.950490901136,6906.600126378965,8227.096858285073,-20523.84130982249,-20528.37381293057,-24280.046044816547,7971.560908326057,8015.364441232399,8246.250041896126,9368.53648625372,9638.221711863484,9622.659369934447,-28255.810112819832,-28552.426747709553,-28756.092114486764,10530.125871114855,11424.341476641588,9567.331325512676,13544.85215339206,13616.923171408745,11828.975520549706,-40963.241132196265,-40530.07585118402,-34581.438806937425,3648.944942921463,3656.1611159000813,4197.385138539672,-705.8802042858215,-682.3682456221399,63.152482792919876,-3613.660508791831,-3627.4883098656405,-5678.895751316271,4703.965748916939,4739.4467869437385,4765.54433287307,1041.731566252391,1139.1899378852293,683.3665671719051,-8560.420585521273,-8525.209597859135,-7576.009360421194,7133.375083938481,6099.7827517370215,5245.921320182525,-1457.5523736173895,2936.7631291396865,2248.0871135483444,-8567.047961392529,-13712.229310961364,-11158.93460617273,6474.790598469145,6479.257191167625,6950.4243001294135,-5513.313522716721,-5491.036593259428,-5227.380668276085,1749.577256676689,1741.4353053796012,676.6540340959605,7344.801956404728,7331.802575117365,9458.09457350244,-5297.915908871234,-4867.362135929211,-10114.873314106471,-104.60277902151587,-630.1507027674576,6589.7101610818445,13631.247595641082,13652.349014584268,9930.369101819088,-18242.335723950164,-17636.504207061535,-9409.23807446196,14472.662832053747,15055.798128565384,4619.355396734262,2056.422456825288,2052.8497232460822,2247.1056249969124,-1936.2173787253917,-1885.235689487955,-1582.7458580004977,776.8085986373496,726.0168752698115,-14.68586526034219,2244.4179342089683,2372.7114994335316,2149.6255469913376,-1316.8118040865277,-1227.4641345824784,-2364.0090230432065,-859.6035939160296,-930.0295449851316,1569.6022760073467,2865.187436939828,2192.3422379625918,2607.0063994527745,-5990.9215784974285,-3794.4090329150977,-2615.165370218813,5555.828459939464,4044.431332396403,1453.199918503223
0.0895499139092554,3642.8283569377422,3636.0582668956217,3642.198797842186,1044.2517015804367,1067.1233088525537,1833.6287457858311,-1789.5768160458294,-1838.3041104775093,-2979.294348384474,3568.18375250491,3545.966097965428,4950.636530568258,2356.2620582480467,2641.325637542475,504.0735755162512,-4198.843496249245,-4314.483045802262,-5804.326658942625,5975.192082188225,6604.993489754172,4988.839462683158,458.7071340887649,-596.6669929734027,1540.4694759734668,-12232.102703729099,-12854.241425927377,-7333.994483177926,1727.0262705855298,1733.767136600276,1882.8732707224387,-190.0999581951554,-211.8105871033604,-806.7660390501094,-58.77394921589476,-48.18712797724252,-711.9999248035278,2060.9766841929827,2011.44406637537,2413.1836076326636,-1304.5041417342452,-1468.0650793636835,469.7952857909649,-1674.5977601955285,-1709.871885574233,2306.305323097951,3408.7961106150115,3130.3590436558497,2270.122244445217,828.4285522335049,1823.7622396076467,-94.17569312801157,8797.675721612788,7179.463908489155,1276.8484998249253,947.4491744932266,948.4107959556763,1047.219548875781,-328.0180616497501,-307.04215255037184,144.7835564371018,-550.9831990497578,-570.4401457239071,-629.0068018471138,1172.8979075449759,1166.1746475057994,1367.9667826789391,501.459549227801,663.2079680597282,313.5572718781167,-810.6427495852616,-695.1399323751492,-1356.8303675824968,1081.0038817362645,1830.3543579062784,1525.4931291419978,1359.0559017419282,1654.7583837278946,1106.9849614032237,-1268.9887559522033,-2116.686533370406,-840.5444639362048,5734.786630228037,5741.522343083427,6576.948761912607,396.9582577532685,400.302027097135,-32.10643071099275,4797.54517764455,4786.067320730276,4527.615852608156,7314.490568953112,7439.4525018061495,6496.026157413198,-572.5930427620401,-614.7051634330307,1762.9084590326172,3907.891921823011,3960.097969851979,6041.14211921225,6405.216548843186,6531.9203795994945,7473.040636337461,2746.239677336336,4141.952407112906,1264.810322599409,8238.273943541351,7650.765794152087,5738.364651293338
0.11298741390925542,1492.9311480238096,1492.0547854239962,1766.3792871635928,1173.9546173376489,1184.3806013649778,1237.0675620817715,-381.3315893179701,-394.9709208042997,-402.47559297498515,2116.1660849989466,2106.355447948831,2194.3119248844655,1013.8765553951483,1171.5825823293244,1130.5648339253964,-53.40462657048784,-261.01629927358255,369.27816575485195,2841.740662540653,3168.462475226775,2619.893637515052,257.00868225442616,772.9774321207763,1271.330039979801,1878.3649662637592,1851.8250206428067,347.70793656839834,1919.966646520025,1926.1258679144973,2231.460366054075,-222.9253338380658,-218.12076161835284,48.8038846357339,193.56909599405012,187.4759741423749,176.8018364076519,2496.2015328432303,2543.6641763207795,2989.468684458806,336.15362733046294,407.294617393822,783.8511757549943,191.10639291290062,170.21925331215922,-185.39304635944487,4474.241955532778,4619.436348519743,3450.316117391932,2172.0606821437855,2910.15999448731,1558.8048347070348,-392.4237991283164,-889.180561835475,-246.89258607470774,3151.4804227223276,3155.8750225409744,3622.722887041073,39.28901518219364,39.14939844967109,-25.749643392013503,-2210.4603372290953,-2217.110627098451,-2644.449264306301,4115.888745864116,4118.167136732663,5304.778068888465,-267.38431957692376,-146.5817262842944,-1081.2362892607405,-2959.918199499303,-3102.763446192556,-2946.1742336765947,9403.005176917304,8858.95108787763,5966.39659766292,-4217.072055948613,-3281.840160208159,-1016.3347869709673,-2595.2346478604586,-3849.821592194693,-3830.2820614354414,2229.0336749146672,2230.0460199780596,2325.5964865365627,258.19143554482696,252.91579564331275,638.1472889592491,-1762.6603948226698,-1763.658696733901,-2090.160456709651,2357.3182737118254,2362.59073651085,3473.646959747004,1150.1633498337346,1181.330162631262,898.4379185611699,-2427.8834226137565,-2451.659937679655,-2565.2822795027428,5311.62956456869,5392.902832893715,3623.9694460114183,2081.123247005226,2300.935434124802,1828.16631427879,-4220.978696809002,-3809.9624115918264,-3038.37378268879
0.13642491390925543,2778.9257684371983,2787.7815008156977,3043.970456806184,1045.1578272966522,1055.7841454441557,1079.8293238138335,-5293.467438584216,-5276.057205059338,-5473.143535659417,3271.434430622848,3267.282277803212,3980.252598165571,845.4369313495129,975.7096833379172,1707.4915700040826,-5681.792456217074,-5595.172924479128,-6739.396990788814,5158.8745818843145,5444.556209298313,4105.967295050388,2940.180280427228,2872.385988967347,1835.5046935535247,-9597.702006454565,-8498.091973686596,-6861.041158092341,1863.75341127638,1875.0189573427065,2144.4588179867137,248.62296074071642,246.10180498594272,159.07723891572445,-1940.2919968937942,-1901.8387925468062,-1792.018075258184,2312.1172988482103,2388.3023423285413,2729.1491210105683,123.85554576151438,61.990112648319005,562.5542179733073,-1996.7616801690192,-1762.9858009977372,-3908.3595345399526,3343.8228055709933,3863.286498029443,3079.6982401047917,1014.089925251372,1049.1114514389787,367.395750565788,-8662.731069321388,-7792.262312327596,-4195.206680685025,1170.4974086901957,1173.1538173178353,1275.6920018240032,660.9898415651711,681.6688530551166,659.1264488920253,-2492.243461609121,-2517.217270242964,-3169.0567618733326,1382.1569763348973,1373.3980408257726,1632.2586729924644,329.05982290219293,476.42380550547614,637.2955994719973,-3589.1516689929076,-3813.448693979494,-2850.6087863875123,1845.5286825233256,2138.9384057873845,1691.4736505997746,-174.76054303445017,257.22068325379286,432.31422430941853,-2378.0917308842927,-2818.407014213876,-3657.3847171396137,1300.4078250139164,1310.1517801630578,1508.1219019427506,392.97334547343155,401.92769534789556,502.55835305766436,-2039.2824900566256,-2012.8301047679315,-1818.0573745722245,1593.9199915520146,1671.8875992763572,1822.725184175372,557.2395899295786,583.7802767543461,73.82495194460871,-1704.3678161227595,-1561.9884671037419,-2480.9076925120526,2245.436831109308,2480.1923262270575,2073.174963588798,-729.9619407620826,-811.5545698834627,-40.995875581263384,-5034.7146102676725,-3250.9654892620833,-2176.174119372583
0.1598624139092554,1550.3445846396405,1545.4582952766284,1606.8801539133003,-160.01410982811151,-163.26891044284338,-67.19086803605359,2936.6405262449694,2892.203763957614,2921.147938955604,1718.4692637582805,1670.043333679624,2544.006748426816,75.01349415381355,96.14579564476459,-938.7392125702607,3353.902942715209,3071.2528624763536,4949.086470555074,3952.548390584276,4123.01991563791,2679.2749065287317,-3226.443284483535,-2501.611583125464,-733.4202660782224,10232.945112653673,8727.236848653378,5314.518313126776,1188.5663864761805,1191.573771858009,1463.9212909183289,-854.2575537749532,-842.0908790246039,-1121.4528386032805,687.9589894778109,678.2634020986707,1220.9855531102828,1756.956388030644,1789.1080195527963,1803.5643748585499,-1620.6592254921059,-1557.4843877311412,-1784.4444046930867,2096.8241345917763,2002.4278715642195,1056.8274010949247,2100.3245461167353,2671.100091132309,2276.837082206936,-3178.436340871556,-3522.3697175068414,-2478.220034243057,2871.4272632801662,1754.9772371822287,1788.9028492961468,1491.7403668182228,1501.188956726709,1600.026974582376,-281.45452678374573,-274.9748699525175,-291.31718914385544,1907.1509338109267,1878.8714087549226,1712.7376746818784,1653.1142775428546,1640.9475116176566,2285.742642779778,-487.9718428287808,-360.1245561657403,-778.8662046395015,1954.340635101296,1603.9309937114108,3369.244252925601,3654.048379662935,3332.0933780062824,2139.5261523986674,-2415.2999618817544,-1674.6485570452562,-636.4939458755093,7414.986807380107,5842.175103819491,2849.504245107643,1262.5081335031546,1262.2534345042397,1252.7284867545382,1625.4782078806136,1647.1500588213598,1823.3829738189697,1641.9171080878516,1588.5705974507348,1660.4326714395997,1151.1095643692045,1180.2447920897052,1707.823415521385,1751.6635761287826,1873.882333401661,2771.1158924325896,2115.356572701621,1906.7844657061514,2299.500402148214,2073.8624527902325,2304.374118616282,1747.1737577001534,4646.155322208485,4541.297364233234,2868.6624507297415,6238.17564226482,4069.6344657525365,2956.605654413169
0.18329991390925543,1097.9663181835317,1101.9889004129284,1288.8295343415762,-368.7270869047949,-349.929056309405,-412.64946129127077,-19.306018100122245,-16.097988759827114,-122.04872094816601,1516.2493005580002,1501.814920670048,2010.4144226058288,-830.1793194276908,-637.1193633661759,-1259.8068546158806,-240.86375642396501,-256.19856660959397,745.1645610880059,3338.1683184871063,3459.9473810044187,2235.542038070751,-2759.3639842344223,-2922.006194732885,-1473.0739384605401,1422.1532494516368,2145.0157680569873,682.1597412170155,1134.0299899188988,1135.9241888669646,1126.1279889236487,-593.5628428229655,-578.07249111552,-490.320946393201,288.47261629744185,277.4557546986698,-11.128544065990654,1066.4092494740937,1066.2037046855683,1639.1949620212206,-533.1084563467994,-424.6055206050194,-223.59397271871234,-268.62495180131555,-362.79314927378107,-598.7728711711769,1970.5514811266355,2278.8731219184256,1580.564214960543,-45.72564764661408,574.227048751207,6.9821311436029285,-2074.538702827631,-2471.1298908625827,-1265.9046012069682,1122.2889354726556,1130.4555389250143,1169.3446683812283,376.2501681947961,381.17460161298294,431.78255515330954,-1243.002509576495,-1232.0402088459657,-1505.8674598424009,1156.509781310408,1157.6556181605438,1767.2522393495508,397.4726400637351,450.09776856279717,412.4660019464912,-1990.3741550015225,-1895.9285261607542,-1629.519439119843,2233.127689066082,2576.0215185075363,1664.2069004722857,295.83156431693556,386.30454556183054,479.4110774113711,-3024.442912200313,-2189.2037100883313,-1945.789947968882,960.7692230163475,966.9722657774499,1045.5691716597194,-322.77246995279614,-309.46306166516297,-320.7626211523685,-698.073073433464,-696.9193916760231,-660.1648937826658,1069.9108430363087,1092.198540934755,1394.6897397612918,-341.0222453964947,-356.7515174850662,-211.0547364118275,-825.7662819026157,-646.2678552004612,-1639.196714717058,1639.0515341181554,1907.602326302289,1425.155460894643,-392.1851654666666,-207.31706562539782,-526.8192784551169,-3619.542202457012,-3087.4476401673123,-1209.7250371189245
0.20673741390925543,642.8367203286027,646.3733413295499,712.4648776731434,-102.88655395785611,-90.05340744491264,-46.17241754074672,594.522401213112,579.1411802739598,589.0942617652153,741.449562612336,763.6299954086293,1001.8228559014665,-82.09486349737774,-35.65559645541567,40.0865607981082,887.939291847186,695.177803101013,954.1417055955492,1250.8172239925818,1506.0626601672438,1098.0588143718737,-118.71883996110542,178.05954007244344,-23.764088465634227,2192.3318503463483,1494.735586103143,792.8456479624571,996.2328956616204,992.2288001571224,1119.6330841507233,-8.681454481705735,1.6245885284319692,225.7051863374734,672.6556940786467,646.5498711697728,363.79465279047065,1272.2333415912422,1275.0489845068314,1331.01326468922,347.5654834492628,458.98001461293893,-140.3494390264932,190.79549751692613,62.16927629732987,469.7573834917337,1588.4866499328332,1793.447482439606,1610.0096081446816,-361.69240563070076,-364.6370364572049,214.5026444460778,864.887454937763,170.62145767870433,168.59491524952247,735.2557711029517,734.6239288497701,788.830358497698,-157.6661915000448,-157.0960856974827,-311.90055325017573,390.2734088853893,349.56416018366434,515.956292182857,855.2240414289967,847.5913266593155,1133.233737858953,-620.3180703368773,-546.522029757595,-489.6170791878229,1140.8002864408675,934.7653884033826,522.4601532632549,1399.1916878076897,1700.661413940094,1238.599887356236,-1454.8381266377141,-1037.1663168854088,-562.8155075654645,2195.656590987865,1166.1349687469158,1148.1522249081956,855.2008851064852,853.7664601162704,927.4721322798226,-301.3540411111401,-294.8373991414794,-272.8972791817959,671.8965000077883,637.755904831004,877.175605945406,1009.7099112747713,1004.874527460734,1318.3908671367824,-310.97907340726425,-259.0888368967723,-448.70669070344695,1537.270976007668,1370.8709473297165,622.9020603936918,1937.2591972354637,2036.288066531573,1463.653315807991,-1316.4914631121196,-756.094783399651,-389.33226786173844,794.7308239302088,644.9846685475652,1308.4276734712955
0.23017491390925546,767.7865223281099,772.7731390410142,913.090159004001,-205.78029965735968,-194.2593905361922,-228.42154895431733,-203.22273864992684,-202.47021995868064,28.777978185167512,1040.809893648979,1057.2682282682674,1084.6180035188465,-336.80370442271436,-319.85449652381004,-166.68619695077845,332.2923662804748,362.42016316453146,-74.12499088094178,1339.947916139763,1443.7417607759533,1208.3660681671886,29.742617773062232,-184.58085718309113,-448.84015482179706,-311.68186611376206,232.5044321690821,438.6688330674753,764.7078786799738,773.1909448707671,793.9447394198179,8.744138854027323,2.0167415585736985,-49.58927727747414,-224.59546716493932,-216.3233995755691,-231.47742847634697,769.7423823060049,765.6299963418517,1329.4311540688477,-34.611494325016345,-82.09819345452358,82.77026957709353,-379.4395875623446,-299.88999953069094,-122.23595945206874,2030.1729638874083,2095.717011857236,1175.8963937181495,377.08492258278824,274.48996820259106,51.31478561607298,-83.73847857950283,140.80383711742675,-77.57936734562723,792.1745067434616,792.5962621768263,889.4976578224206,-167.9866620215337,-166.7035888546584,-29.907378549138087,-376.1917623208359,-382.5314783987121,-455.4852216811629,1005.0784903723595,996.3230389231579,1366.8711315646879,121.07715760115896,154.7816301200336,-604.3981884766416,-387.8344807968141,-482.43912694944447,-507.1937242591906,2250.903089337169,2297.3748402280467,1516.9552573976953,-1563.0996461962616,-1431.3964290535507,-396.38789888285226,-655.4039647740943,-745.2474356295537,-703.6629905545906,730.6988405479852,738.7044867738146,823.5583627581736,-272.90163958867555,-274.8243715850012,-293.4038835897402,222.17509178193737,227.8550398753508,216.743326138466,820.8709256801686,871.7608589437596,972.6590149795296,-341.71800744740545,-314.05114283836406,57.31012350054537,97.22543976045313,160.22065565364738,391.69547588908694,850.2029709534303,1174.350597182503,1034.0983423460796,942.9561203831744,927.0072265674467,245.78822929669917,54.554997547026275,629.7852519321278,457.89078247768424
0.25361241390925543,678.579008002948,678.3797973961689,667.4978097037607,-281.65309889645044,-267.90503218211086,-142.70861125688938,351.2712601374537,329.5656564587497,164.0287403515528,656.7927623801194,636.8667477709939,997.5916082100373,-139.60359412701132,-29.81665638754261,-118.54703140134613,160.86481946811773,29.264804185546545,402.29809142227487,1245.85577616838,1401.0832293128055,936.8920615365977,-520.8520465102891,182.32190050627506,145.89430370337527,1275.8613672722254,627.462794685128,257.73778224883523,574.2679326040062,575.3844717843547,646.6269827803707,-31.97037777727787,-12.46327124185686,83.72675497703565,530.7201370450164,510.116136494088,579.513952930659,726.1033375205014,725.5350287326297,825.6947221930743,8.808493164574289,116.36156043265903,-71.43106557591724,952.1318302778111,783.3194638586814,703.4270998644101,890.355130172278,1125.5096443212274,914.2526838122574,-651.7083797177778,-331.4328348187577,-103.57799221183761,1569.4635564709881,1011.427775396389,808.0933725201799,663.3104093342438,670.27021825592,741.8286074827585,-52.395063231931196,-37.253836370677,114.6338052991103,343.33559093635387,327.5728443043598,228.53137753670362,808.13574468648,794.8953898120093,1049.0231576812332,108.1113692755339,237.63000201065958,217.7465755492058,328.71702045473046,173.09181768253185,346.1975621976228,1573.4759394949137,1500.6757808015423,950.0836684696542,182.69288549584732,714.8387199560245,522.3092444939717,1168.793360462942,328.25843415529704,67.00619596538232,602.9043745269364,611.4742633885911,706.2074338936158,-129.92036609311577,-124.5487023243634,-120.42685191752683,398.0996034017683,398.470915422033,348.11135054795625,720.8501227011182,769.0480286883815,892.6460720115151,-200.53646744367896,-136.818606509752,-207.7512677993473,293.6371427154328,255.61225733186896,673.3605620514036,1058.2352139593268,1234.3055316376528,959.3245916122677,-1078.0281804704664,-388.93909416206674,-109.69363847961284,1887.6522682189857,1139.7623058088043,434.2644386447399
0.27704991390925543,556.0510193650106,558.9235033692731,593.2118377743436,-28.298301436555278,-30.56896049952185,-23.115620666680943,-363.3610448978307,-343.95627679131877,-229.6580782878397,605.36846184526,610.9630866325188,823.7620534784625,-51.307997071351494,-13.257039219236264,-68.98924431556891,-242.0152606215231,-139.61854181249757,-386.5080707481917,955.2938351259221,1147.950729588824,829.5568034799443,-313.4364148826411,-51.15489097362826,116.51636370684963,-1500.6033451178432,-604.5185966960833,-312.30946652539353,629.1567881833935,632.6699513829268,620.8561561238236,-432.71445411332604,-423.91110346570343,-444.9807954568956,217.1469090961562,221.96843023561132,118.97697819074598,553.5682029481189,566.6938436126005,999.7187730705888,-461.7467342068288,-482.58073966323735,-446.463160416191,-9.081851984938595,-32.14191063916546,549.34156231865,1258.7539069899378,1512.3937185337043,956.5493094039196,-339.62144018627447,-541.3507166342549,-725.1385469724723,614.5118728564304,980.7318337852294,286.1432027507767,637.0333919771432,638.3655567616684,664.7286987332742,-77.27309069608214,-64.87311716632267,-59.99620772231233,-593.467615501266,-608.2435869170919,-826.2376557323968,714.9693741220973,684.9981525240803,1053.1662854385133,-227.7922059129957,-112.69223980287626,-244.45152590006796,-845.239125355278,-1005.1845417607616,-842.3231432018048,1574.2753296818523,1631.7707494265446,1001.5787143305391,-1810.2720231834696,-707.4008508793094,-173.75324068430336,-569.4039999813702,-1171.6631794313878,-1267.4722550564354,516.9534384361093,522.4671441707674,577.1018450242234,34.04774277917011,36.390789315763946,74.91762262352388,-160.29791212209568,-146.6579308777018,-101.4012590277683,579.9322526133711,609.1879858531302,707.7446004431162,47.0322116310442,97.98475464590332,154.22833838121002,-51.9110773291258,-66.97469558401413,-84.39890572093324,550.9890105220092,867.1248017630957,740.2630283537108,448.06647474213014,460.8009734928198,310.6606345341324,-336.08851421746704,-200.9850816301238,-349.2535452809139
0.3004874139092555,505.4357607232048,512.083233873391,623.080392448276,11.239706251466393,15.099909353988382,-58.178033499497204,528.9286858594021,513.7684042713288,736.051741093714,718.4528945043415,733.4479476310783,794.0906186462688,-186.87420434433162,-172.59383681907076,49.413349117842465,1247.8647193990391,1100.0311943185955,776.4128496082217,970.9300224628398,1128.0792412653561,855.6473718666001,-291.6356820685753,36.700699817398124,-87.09194811743859,2954.680176807228,1326.8934628816378,959.243600365868,477.316490733035,480.06480033526645,530.1802526573382,16.86818123712806,21.79924571007978,-2.9679368521552334,371.7816470456348,355.2615999561269,408.47098889983994,576.9138915390544,576.3053080821091,687.1111976144383,-61.9501349850244,-50.70183254146095,-241.46532092704737,780.8690495777342,578.4548161868519,510.4689892316479,726.8135227442801,904.2128233581078,699.534794699473,-1265.402753490921,-905.5235994054354,-396.5081379403376,1996.2684829408129,734.9233637554419,350.6431611426937,486.9723480614623,486.46091706091147,515.6529032506195,-91.57346680198344,-81.8858558752145,-43.957962921672696,628.5226374070634,589.378675984271,564.687985744235,558.2363213119281,542.356946576364,663.1153113404339,-197.99414799057195,-66.3937410834049,-376.63265282836215,967.7365003209371,710.7185479673748,497.4484353962096,969.1017226032408,874.5832113826029,652.9091707743652,-1275.9040892994421,-891.8392748705846,-229.1765262172248,1824.110507398309,427.47161340393995,542.346802611101,417.3099870578323,424.13068429026805,505.98081296047445,57.49759336118953,58.92057324325397,33.81193544564652,227.6617754492182,205.7459553013807,238.37277799020498,532.8457709163923,570.6219779973073,687.6524779082855,2.9515458067147637,-0.7716463931347661,-52.556459608063854,609.6595168679966,401.86421247738787,-28.484503288434833,806.8966477410087,1045.8604985299417,772.825824179706,-616.2355615255386,-368.96771979670757,-144.18256959195728,952.1255924012024,-468.01158145760064,-178.8159811453015
0.3239249139092555,437.1521642090593,439.49340354727764,501.1528027050166,86.55478645935487,89.62751498175301,144.958568150184,-203.7690834430751,-202.1519583405852,-220.18113608339993,551.6288257011859,560.8804397217147,536.8991291204533,180.3428293812109,198.0038188743837,123.63041780882575,-213.55593295501976,-235.28120042188604,-131.8656249391715,454.90313609174024,574.6622198388874,579.9922717796051,299.4069923366931,172.12162564168295,165.84786667740573,92.88488486847932,8.477428628797709,-226.92047348519796,444.572113933728,448.77907029591796,497.21880946932237,-34.00340446039494,-31.308217045592297,-75.11244573556986,-107.40860416687025,-109.99517407646763,-114.8467334004709,500.34506580129147,524.0776708105582,667.4134671287394,-216.3975269229108,-168.1372959958929,-177.7640258618459,-128.37581890395774,-104.7110616411033,-224.03351235141213,892.7296918786535,962.0513041993187,702.0181689530607,-301.3644197653143,-398.5298507062336,-219.6316858972698,-927.7631372284948,-402.988262327169,-71.32520932533211,408.96732576632047,413.6440793180683,439.3250141989303,98.05478745691411,97.23450843701487,17.247985930055926,-262.10826550315016,-245.73461531695733,-128.28306470409254,448.90413173552366,447.74979154701674,647.4420276268427,-141.2710487140313,-103.07726164729196,68.1378084156861,-107.60990214441846,-36.33744245207462,-218.3720266876544,719.476473657025,904.0053967889876,586.8196880656072,-376.6908224988397,23.881384576761455,82.8865013649434,-282.85964521831096,-222.23332318090706,-215.0967384882107,438.9579661982539,444.70677547660097,471.871619174523,79.92999968783262,89.68243779795552,142.37019916907607,-179.8268922271477,-179.70112383598885,-235.3555832610447,433.9338040349145,466.63889498757027,619.4761880095446,70.94076618204105,147.3787303341798,190.62417790663955,-302.60531746510077,-301.90247191588963,-283.8624345632238,451.20110311772476,781.4146901921266,620.6639389375351,363.2856375162619,375.0849989121428,244.20480045943165,-670.323386309114,-475.2527504175404,-355.22089924674543
0.3473624139092555,405.55490039670906,414.035400634821,451.7822409759095,-93.2473500698486,-87.95392128988661,-37.701674696933345,166.08111155060848,166.59924439916244,226.23310362517032,416.8808458480772,448.73230669168856,580.3667222504824,-26.650554570200516,15.1352414627335,-80.83745432519878,345.2791932396061,304.2460802277278,256.7250316544398,580.9976906677798,711.6803797238198,512.7818053530417,-644.8449699022624,-111.28423375668098,33.75690337091824,944.1855848626632,372.6776635089309,178.39790038702915,309.4654982620283,310.34914255235805,370.31019309715504,-118.03470584542646,-113.76419561212813,-134.0597007542239,29.378642484608058,15.282384142867324,74.76621132614156,443.11132593501424,444.1111246104433,463.08486487257085,-193.33866861460902,-182.12379063974268,-200.01338757772334,401.2097326532927,264.6487042243573,92.17463709300758,431.51965935542336,647.5450991245896,551.8912526771816,-179.851814418288,-369.40927057341764,-328.55320138042276,183.38457896762006,185.8994914818255,186.75831693993646,431.2339092297214,435.1620325237556,495.40542583467965,86.29310661482727,90.76671045275614,-17.618564609322473,314.42665627873015,299.30065299195127,268.6306604043492,550.4171828745885,549.8159587203317,755.7687702879905,-229.5664937254276,-194.33005302114202,88.63728124799837,423.5589351874371,299.9626012801194,405.33870859625404,1195.2542025672508,1222.5503089979964,770.1889489490993,-388.2697287344931,5.065712495629355,-72.55212878187656,1259.3978965858782,612.4768669594191,338.30770689781235,385.7080996095205,385.30074511766617,410.7217391966407,56.342170764816984,67.09492247656941,124.91010749232865,-22.15248431488158,-47.54028056973293,-85.92237200188939,421.56456112319984,431.3916386226957,505.46729726265744,182.01831316452058,174.24387227392177,18.48769711141704,164.15954740338927,-0.9647107636862841,19.76506729087066,500.50496763727847,651.365175441121,575.4294694243146,-447.1946371060268,-323.34169825060155,-183.9648719581738,1085.7974903634488,345.2697270399042,106.35152396781635
0.3707999139092555,309.14413323033585,311.66481011029197,389.33149813217045,-90.3166136206098,-82.86450301566083,-102.2010293165178,-43.730788217506486,-51.12198385757126,-58.022757739346524,502.0014301508028,487.7380907963163,488.8336116486219,-259.5577232829932,-183.35920211045095,-127.17397985518299,71.96819386331903,-9.946694045012816,-161.64973429999105,507.8695058731826,668.5957235580896,524.6195873934058,-180.05947430069062,-156.35908377941658,-137.6146426326399,-230.79096388855731,-407.89052511526666,-237.58133261087963,342.9040938921749,347.4792535989024,386.64806139916146,62.018949183982755,67.05881409655181,54.99762144626639,129.36944932512492,128.90804587882593,128.46075972340347,376.7340563309796,403.4440410146942,506.0504208597171,19.96415357446335,30.43656649847659,48.307495237432725,91.62290782571759,109.37863219869384,60.59893299426027,580.0029798677948,698.7152921158502,528.1306451145718,-795.9290998782443,-161.1566482392387,-23.039517242257567,225.1795227545272,-35.62484172087142,67.14621418107492,405.21884374963554,409.54416179932235,461.8194250802411,25.836923897265063,27.305384627275625,84.49042483361637,-215.8479855886089,-217.25066281081766,-204.67709785508453,492.3366506146679,503.44580020812515,693.8461707898966,166.59925558550583,160.8352382826629,-21.84822196233915,-241.22028264328299,-198.57417030127405,-376.05470509313903,921.6301659515073,1092.3237586721336,724.7634903717051,-135.83254140339625,-166.20975325351168,-0.48347582254975613,-222.3256939810439,-486.71934153406966,-241.5577705477694,320.278639861363,321.97971729798155,338.42877888784153,21.465065786751325,22.025760446866247,54.96056734185007,43.87904089946632,33.05617056889676,-14.869800899099046,365.8845870662965,353.4362401731028,469.61378414067616,109.97774357916046,109.08140580654651,60.85845509865131,77.1877741355222,-13.780244767429789,60.9377629545808,378.0956989699324,595.4867562057163,433.7212658705878,-310.4270804791847,71.4362347463709,134.3132879784074,333.79613622320494,122.13020115921039,-1.911577988297148
0.39423741390925554,317.66864807287783,323.47872180504055,354.29378013653775,-19.33228919627977,-16.612770227514588,-11.244792354271347,-22.422847557814684,-24.816127855357056,-86.58149092757182,331.3117256768365,357.66094332925456,447.29785549007914,-13.699708967460115,-8.851007493457484,-73.13925837185735,-92.53639130169213,-147.11260370353963,2.0711129300678914,377.0317194742144,545.5670113724581,425.10804637713255,-452.85177880206305,-250.03453639552077,-111.1840779555799,248.15194234705604,16.28302979049006,-189.27533415361873,328.60139649067537,327.85273007896194,379.2304599372411,5.9384139748003255,8.444102226216652,19.46982323271252,-200.00621065375438,-198.04790714625025,-234.56657936138512,509.43575933410216,463.5549264222461,494.9323833642982,-85.39061849608375,3.46395483845121,217.86608479627648,-251.89863061924325,-285.3005104722192,-357.78066222459336,515.860435818999,639.8956923733887,480.6530338005272,129.9895431718718,725.9656521984166,500.3988873953358,-73.39394650887138,-661.209805336047,-612.044024596603,315.2450350947192,321.7273651746932,371.60067664410855,-20.593964063490617,-17.88986506517723,20.232737636068787,-13.159204963404697,-14.329406438730432,-44.26479462372103,363.8184374782668,397.73611209607134,509.2659175443437,6.089792778961359,49.22190595928065,-34.99780134941376,-103.36933306440174,-89.47516204391214,-50.82750145684517,519.3513842192366,738.9910481823866,537.3938467400236,-109.81113111273726,-26.75839486398615,76.35471778159108,-9.52620214520125,-63.96296709780455,-42.50338439773178,294.920580290152,297.10482756078113,306.38343940113964,-111.77075044414303,-102.59654873673232,-69.2713281415785,11.900904211962922,7.189323574206482,-81.68395336396664,330.99712335625986,312.11780468440764,394.6614143716813,-142.19367221878275,-75.31027258112074,-163.00946714578905,-155.08338511707132,-182.97347079616495,148.7686039418172,243.17509134831508,407.8864042683715,306.8160638125988,-370.48441361709376,-280.2526436051,-154.92904781777386,608.5207969421476,478.4656598496309,71.55015850979885
0.4176749139092555,238.30615077074629,242.53307996072942,280.030375865027,-67.5467467485428,-57.88408545400615,-17.34599720029527,-12.536983243322231,-18.192983986993298,-0.09613582137511209,330.17353834961614,319.03799538293765,390.55217274056656,-104.76588987695717,-21.35998327766758,-50.20656337505818,198.42408148970873,91.69494522106518,-67.50743354617092,284.5478361559776,499.90785437811894,337.2133422735137,-208.51524326215386,-23.263194373447927,17.553815505922138,-316.3791519871555,-307.3303881893731,-187.96379913314416,274.22276763634767,275.33693805334855,295.5375065188473,-49.4254481273182,-40.5162715580696,-48.924416249073815,27.743241321422076,22.260259692473074,87.25831665745802,307.64756586411676,312.6929679195243,374.4331360768319,-172.74816273632038,-112.4318446641172,29.86257065626222,277.2813324734821,212.7914801318534,28.55377839803483,224.26006346202533,459.9498554916485,401.64520219050985,56.4658355275892,155.5698704091175,-16.07457119784057,482.2067346903414,45.31277231739912,55.103400559958224,331.9949959695208,335.59434810576715,351.0310303436335,-53.17007938625728,-49.74946100315867,-32.566863230735386,33.254237647576055,31.70719581928956,69.1559203495863,344.8769259407654,345.8549133789667,546.3583425486764,-92.44959901797752,-38.673782333859194,-194.61449940273462,130.1434191626361,129.54886465156832,67.62507667982753,838.6437891144308,828.0645066542204,489.2256444847937,-521.8154411147882,-432.6335716239062,-127.59605954054722,9.634072483206012,140.59415868396587,176.86420027151775,325.7763079731429,325.3863779308623,344.21111438548223,-43.85673299053739,-39.82950926545248,-10.528887006723986,172.67683301440997,169.62929331261424,101.65998582811086,372.52151600957535,365.42340051489555,450.8852366798061,6.568186298550908,17.063339468383624,13.119003585057902,-10.292028650940205,2.7917801445907906,258.6181371913323,434.2004763456838,586.850524598349,473.6404455338251,-23.349945009542793,75.23473861698446,10.693777752959932,493.3443120752964,478.5698366870716,261.4737593015246
0.4411124139092556,273.4603793193853,279.0501192945828,314.1750548991577,-36.29289034375384,-37.03510652321514,-18.267568965533236,39.8999779193783,21.03413244470291,-9.663804345305314,307.7280756654746,327.60392367631954,424.4413335287916,6.8171146297037675,20.375114747661776,-63.19281751120806,182.43611344331032,48.94552027783613,97.44730314086904,462.8352695484697,577.3393349631131,401.963502075721,-666.2107718389758,-135.94498724392597,64.42063752473182,1066.0610169726021,373.08185865092827,116.8432104472522,261.25304235080375,263.76291785491514,305.12045428389854,-64.00291596795171,-58.16654050591196,-7.643798884685651,139.0406351414528,124.5263665271583,128.17382705477138,308.35710167044,333.7831409245349,406.05757312962004,12.561496094380333,43.69700303582616,-170.81585038082534,285.9342475577802,199.38506565533933,-3.918302167290011,601.1590528648677,634.2029256108021,477.7519427944556,-878.2603056041871,-474.9336561152574,-136.49837412451348,389.4893533675203,-173.12758386862356,42.425873227322015,248.93473487042147,250.76859652623017,264.3683234098572,-66.5388769112117,-60.99141081709388,-80.96769581853077,72.63102683493102,61.59309036285571,10.090870356948297,305.1977583642552,278.4299666745791,459.17957162527125,-159.4961344835543,-128.78156403213464,-173.0948799865093,78.31260264182075,-2.455999835840797,112.33550800768286,727.4406201662811,727.7403220001262,379.69230038342477,-833.8919666059063,-466.2659596287596,-243.96238504010458,608.8964914909661,258.2593853324583,65.6412893116816,241.0340586883702,241.958762280536,255.06473093222132,10.94105579494039,13.664183324905714,-11.285345011907499,170.3071286803781,163.42399471286436,148.3124476413715,258.71356580536406,262.47708324545033,354.88436381295696,-82.48536169205086,-58.61821913316411,86.91357776703032,134.57027997098027,128.17183122592732,160.08583538292012,344.39767746351856,491.4876785424299,371.2969128394604,-99.04700726277858,200.89643859364338,83.96534952929444,975.2130015229233,302.70465127175737,212.4359150239498
0.46454991390925554,253.28971958483805,255.7600465265875,287.1184324995576,-33.0738479066584,-30.127953221565438,-57.53535239873353,33.708468344702375,41.66813114375291,90.47165667559295,326.5540309475588,319.0066057866697,430.22250510176315,-179.31595062606638,-129.26205734659905,-105.06624550667746,67.823465810213,112.53045055281308,68.30406093323231,510.0356586274517,640.9057528815564,416.7580650828896,-72.19689062835963,-176.81142106006033,-109.51153676405414,32.671775653736105,69.0096454382724,69.42650291106249,213.40258272244506,214.04591915605798,233.11109827867693,-0.08546968728244302,-3.129711265441516,26.88266284663602,-24.796273731983124,-6.855298270573355,4.979646465049101,270.12261938851555,257.69533430354926,318.84091309203694,55.315034702276684,74.00882851676235,-9.252142300093022,-172.99498504177964,-79.42496568668953,60.928422760850616,284.8592855735529,417.1776350844581,308.94496843127547,-34.629227946709854,60.75436908880375,168.39882426827563,132.41942323734298,106.00736321966689,-104.40267827498954,234.66962017360615,239.60253929852973,273.61310540435613,14.455030527687457,20.849197344127024,34.85350618953781,-42.41853076721709,-42.67700070388322,-46.365633948451205,306.09200669398996,298.1428278301159,423.9160730591806,10.6170385324149,25.860896459965247,23.89765778425998,-30.64106604429018,-52.03697836970771,43.028791097533215,644.1114495793397,635.2577040596968,344.5007422029244,-60.52056212428091,-53.56609072237911,-72.7598335847866,722.8472722348278,254.40999983100312,-31.00531642087535,202.27942898164255,206.91450723186938,226.85918396553046,21.857406994145023,20.5593769640052,37.9643851409534,-48.72964340771461,-46.674598528346685,-78.6952268652441,197.26339549031317,222.35004492574828,338.4008267292546,55.16301613145499,71.12170400715333,34.48140890365212,-111.47717998065329,-125.85520099156585,-109.20764032311361,418.8684106286033,514.3672227532063,333.2362112805718,-402.3592382284411,53.49026375869186,175.1851192163061,-149.4218480715994,-276.23775184190816,-265.3685568729536
0.48798741390925554,187.73721424290525,192.22024085094813,245.43876025851088,-31.25323641624475,-23.96666371792899,-23.75090720001102,-12.331101420733232,-10.094226269553667,25.989690347766793,261.6599148981173,288.017330366122,314.9774165198956,-42.75553171747141,-38.71253431074483,49.25521573781041,-6.310594354903818,45.38500573687615,-51.703094225757084,407.31161030605773,484.9793520509476,366.49060865425577,-336.4220546810838,39.749150400762794,-68.8403625600967,32.218929531738496,-47.16027566150993,70.58191303658393,224.00087566011797,225.5275197747669,237.19580458488622,-29.37015586976085,-26.84125332060556,-40.33939908878266,52.28867194065828,40.8985808307189,-42.21778860158485,248.10796522231027,241.971319945269,312.7073869810795,-94.90783298208652,-66.93792499960814,-40.335441226887696,-34.55236100598489,-98.60254885073482,58.68655807443277,374.9643577236965,386.3561959741347,270.83948248034926,-554.6296964930775,-103.27980068433635,-10.357807203242809,281.4625223214121,155.1643309361284,30.94417287983549,211.11772373536084,215.62587956001204,221.73446122430292,21.37692843131125,20.972983892337183,21.166928038341506,23.72724579107039,27.07118660438953,-4.92045771980776,224.0559542734194,215.70758702068798,393.10806724782503,65.95487810123518,36.06487267074941,19.063143745553283,-79.81987723282388,-65.51948707839429,130.12836279600413,345.84568014671714,571.6617308987811,301.7824205056948,-104.4921473194783,-57.5967145855506,-47.94638104253338,177.87539282921128,294.84634079496004,64.45615855744828,166.6403448064102,171.7766295723406,205.96802404425102,-13.674444403383486,-7.275119780029911,16.041517064715304,-23.877113186174117,-26.158018221186893,-108.38827236844406,193.16382354205274,222.99739007045972,307.93120721242633,-17.11053567421076,19.209309215095818,-12.371091108371896,-193.6736014100299,-213.42492898588884,-8.025262507771899,253.1709218852655,486.9672042046661,341.7906782391811,-356.5608176617728,-87.25401459382117,-15.324044405390913,304.0208924826785,65.27604656164002,-144.5883846246519
0.5114249139092556,187.12131628778783,190.81629182958727,205.47518777340338,-11.703435932305634,-11.582626601625067,17.639922218727328,125.06901507058967,108.33964846893055,73.81351911382085,198.95164658483657,206.58181878545855,332.67128148347587,48.78836577105626,61.451972152877666,-54.67580050920103,256.3644409406944,116.13662574564897,143.07482751969982,345.45255266181954,503.5159332325199,306.00279014503224,-456.9875126522769,-155.79826910487998,39.29395390649736,1072.0727802656784,269.1137877197295,58.44739808757245,174.52080466062594,178.8741736050016,196.29628759043996,-17.359729648315454,-12.824610285567124,-19.402370432282517,108.98211202010536,95.62014924610732,102.29168521907961,195.8392312256655,202.2380058915772,303.5199423615879,-117.80206841431358,-65.92245246971801,-17.257191242865044,302.64980402875824,190.3339996079214,132.87459879864724,178.59059707582549,416.8689952460309,266.43355215756526,17.794147479704343,15.2346207476871,-2.5182025601251,630.5034398183268,218.8644604989194,138.41968544703442,192.13968906506742,194.4030603313761,231.02916987277294,15.20521956712427,24.874241733905613,53.01943991125278,166.52276849859788,155.44398240990697,166.40509262559226,265.6436640314542,269.86415428841485,350.5129214189392,-13.316465726239613,41.304048490589615,90.02513341926378,384.5782355797281,249.84254142395844,138.32253932344886,382.43166857294415,563.9548861008823,388.5165262657331,-73.57023518650311,143.4181837094144,68.42943399566806,850.8551721932436,55.673618264951614,-16.083781166123508,172.80004675199518,171.42321634562683,187.20833791220377,-29.52702494308091,-24.15259197265881,21.205665514623906,156.750428216367,138.94183722821282,104.004222105296,232.7719881246203,216.76497834999154,217.01590364890043,-27.50092114427422,41.24420094806648,-35.54673516049069,224.72041251801124,124.67633385306914,-3.0902467915723215,121.96038048517619,234.36971768437036,233.2269065469508,-112.96084994270898,-5.777418963616585,92.3938176073647,920.2747074552243,-113.4332702340808,-15.664290630974937
0.5348624139092556,149.05803165161686,153.64463134151129,161.01645967373585,31.13086112321297,30.721024715981326,-24.512175760336007,-86.59516395397519,-81.0946540752944,-50.02059972587076,156.8928875083389,155.5341727837948,268.3144409960073,-105.01485797027962,-98.60568698085227,22.695303372359927,-107.08840226536417,-47.1319937721321,-143.6986343557484,147.36209399736205,351.4810964207392,187.42949976152275,-262.9746320380216,-15.26646883073892,-18.945797925346643,-213.53979796037376,-211.57557664980627,-77.45646640797064,180.72142790676602,182.09102417311504,181.00313614974522,-41.47279068214849,-41.63020437154304,-47.10822286636775,-24.589662894229267,-25.378547195968018,-43.77072426271354,179.83438195525991,172.42851897121997,275.4735260363237,-52.37594343691929,-45.971037429406444,-27.795935973699,-6.6657653657911204,-35.03539003295267,58.558572390225805,287.89930811838553,365.5419698073137,226.2645216833211,-371.05301917343917,-17.99472866391641,22.604762556620244,-613.1924434497564,94.14546542907685,56.5691443057819,170.7482581291103,175.66294375443502,193.25863811237826,-35.89136604351836,-35.41591867086835,-61.78029361595801,-47.70978159179054,-46.59507122995719,-16.99931565774957,176.3480837721413,192.4311930555085,302.1892441257726,-87.72043879405383,-95.22280254679818,-21.902030249553178,-33.57301161625224,11.164363756434588,-157.54540841481383,240.17522832381488,437.9079015020327,274.20700784529004,-34.293406325659426,-11.546713195163045,-85.22785104296084,-618.4645877625603,-332.70594885097177,-14.434206870067037,149.19211288064997,154.41689680693568,184.17080501729328,25.88547874497765,26.156618698999303,17.969076430171633,-33.746052577397364,-30.453583110296805,-67.5201314455428,175.51638124559608,196.32164666906087,268.8393303180375,16.613909984358646,8.546630787117735,61.66989935145155,-136.58432849676055,-129.29147626709707,-96.53520625969298,278.2647632786095,401.049179079041,257.7349051050394,76.03838204227026,101.546587512846,27.622006276182674,-413.31160669800374,-283.6352998340827,-214.286400077454
0.5582999139092556,168.94781396656418,173.5307276746354,186.0710581372821,11.266719087447626,16.067105661263124,-12.06599198970457,50.36449219511152,41.581434378970116,36.44515262436795,166.94744809768363,179.55918140518892,294.2513514737226,-62.97379035408638,-67.50172525685959,116.51731901610833,94.73497586552709,62.289691410122416,17.36697516282794,272.8906171962161,422.97952370493545,252.43226317206518,266.74648142513735,232.23168391851434,-40.904545634219,408.15406934668107,79.60908874033755,102.50804377853312,168.17202393783455,169.58515605245097,174.94496214069687,-0.48884760793041887,1.8296065923589058,24.101010814497,11.749984947754761,0.3641283872788722,-51.558412931679115,175.90617959909096,174.78571165362297,279.8331963103967,-1.1825637479092137,33.314844036868045,-44.352269453878584,60.52481287941824,-50.920547088382676,56.19617404211678,273.2284585595156,413.47420864801046,266.3117789962762,-128.17533918327973,-106.76407027154652,15.76977641776231,660.7897446991481,184.9006708168735,-66.28354392024781,166.0441488153713,170.57558107322615,206.07172849732126,-37.31298879729382,-33.41808702642625,-13.72108188627561,27.959604210782118,22.986126495038746,44.17418121810009,218.01292160727817,231.90907069923526,269.1537074816234,-34.861461388566426,-4.912538376954399,-36.71754476494824,140.20876747851108,97.72848136608492,3.766216105188944,197.06743615371641,355.2929949241612,263.80849765840134,-276.5435481956531,-63.33498163842994,-1.9103264241204985,398.8459512167596,2.2769579841302496,6.335227775722286,167.68387373786223,170.2565355316591,179.01694682066838,44.38727833482141,45.244059406995696,57.1145152300806,104.63520290967874,94.40081587277588,24.656298209655947,174.43830983385,178.63380459522844,242.89502373805075,67.78796144021459,68.5588426921018,3.1519345684971216,27.724625582641885,-31.417565556693646,82.7964272743064,97.95968960469996,283.6450600320855,216.20518346864463,-103.48843370247356,-110.0548325843064,-11.946485760827153,659.7780100373201,146.11608622449617,14.198397955795004
0.5817374139092556,144.48905658014107,148.01856177204357,162.6291531005803,7.7902153569426655,12.509553258984422,30.397830276203404,0.7484899629830574,-6.641478334998338,-23.73712497038093,164.06274448662788,165.32400286197282,262.31740141873166,29.865342664279925,46.52285758784944,71.93646879087956,7.213801995133067,-18.458353453204094,22.418343872288613,367.4960866409501,394.74317543556356,210.65731501452638,-475.01518202337274,72.5876333323934,85.4375370414702,447.2664175343768,190.59015496852246,94.89437320102147,144.47318766406306,149.80743004516177,174.89301116256956,0.09609236121471168,2.071592028302673,15.350595180746733,16.130768125922867,11.826294944293297,25.67623867016151,159.2393609047765,180.0232060516883,214.0011846853052,8.831317089960882,27.85520868049898,91.99680049874348,125.26834917249715,67.37442053143133,-68.45494426312392,130.27832493498224,242.4529816065959,182.227721977137,-88.41824207791932,241.92738896692197,160.79612131147346,432.09769358981185,-206.95127188369918,-166.58844665168374,157.28478597937087,158.86012088963182,168.44019153745353,-39.077721562462685,-36.6394479436926,-18.970862853516596,-58.32204662438204,-58.37791585144714,-106.76856267404132,176.21193744643787,172.39733910214085,256.5078407335374,-15.949981648148988,-2.380394348034594,-73.77136008432804,-199.56344295233595,-179.57894214437732,-66.88266463604471,343.41055077783255,373.2870506207566,227.45495909806036,-331.20799424319677,-173.78679307087995,-60.809752029484706,-85.28068928931168,-29.28642261432461,-77.91424907365237,122.9936769109927,126.75742126417569,149.50502906881087,-29.539955938992044,-24.570348186419736,-13.900968562739887,60.76671368277939,59.39818670596696,-5.235572632345045,158.70789359368953,164.60718178883033,180.73856661535686,-96.18090274968151,-36.79190843328589,-51.04358433317815,-42.60367082092031,-83.17599941654181,91.6279297135233,51.82958552437515,185.58667316906102,147.25105100828802,-198.87190109942625,-69.53382108039519,7.7417779681001315,348.97338548717715,107.0081460408539,-102.01382748644447
0.6051749139092556,142.19341455745425,146.0492627899025,158.20370933502133,2.9422084875047867,4.481115386311296,-11.213376711386326,92.96358625675455,76.8659538435554,77.20087932214956,161.06981394837746,160.01244993896415,241.23155962097218,-51.267105790860484,-38.560317088945816,-62.827813098183945,312.28782662434634,178.38415216684,136.46995058202316,184.92755178384292,310.18725950861176,176.46812096911674,-447.15898276978555,-231.99529847665352,-87.24875766636767,563.8105205394558,258.8317859058981,158.65431156082772,139.65823865527682,144.44722356984815,157.94960176268594,-7.772889369140415,-7.871477913610091,-46.578007858173486,83.4392552639727,72.23934899476306,59.96979944015892,149.34054104134265,155.40991329103872,253.61596627271433,-87.96459673707227,-94.06781608354096,-28.911544333776092,163.69712883521166,99.79432468077862,86.94890825813145,230.78996389016183,352.43697193247834,189.40838034614646,-248.02466318006114,-102.4485306303124,-93.17318922862063,366.6497830477954,173.8769621000222,154.2003849401848,135.45022202273276,139.71208913510955,135.63702082750186,22.16420988205557,23.213275132689432,-16.971097762887414,86.47237546532965,73.35434941961363,5.369395396092307,97.9118270387807,108.43017802832439,241.34016561423624,-79.58069597030025,-76.61083525579728,27.60469400036749,56.21840918347822,-26.108477311914527,142.9817720388127,219.2240023206678,344.49559899395064,173.98400023003578,-103.91318100473835,3.6807194708531368,-44.72006641930187,831.0583483248005,372.18675981201045,111.09033729280752,125.45510607061838,125.44721126739337,135.32106688278202,-4.767848075838651,-4.906530418177202,-1.9881776544171714,98.39641758404882,81.61584232936715,55.332671990183,151.78050077513035,147.3980870930993,183.6254772349332,42.39014987913882,17.71179286214933,36.341550319643055,172.028442893439,95.88356133381787,39.82479580720268,193.33026202015836,250.59020254923246,190.5918055116321,-110.73797113362872,48.772943230776825,2.193962457672441,400.28334641877393,91.58971739526102,167.74035214468958
0.6286124139092556,129.29144326130435,134.88430483823853,155.5308072821735,-15.608391765702882,-10.296341378564604,2.848702748646104,-20.5330046983523,-17.251971673561417,-50.50451161395169,141.85919263410142,157.45581522278817,208.00637996662803,-34.996212553173045,-4.690447946691812,-3.8633735084993246,-92.60411815154768,-100.50215748072218,22.2686031943502,86.25153479094801,237.9148267178686,156.33624181550056,-201.24410444506148,-34.42117796706264,-17.673817864698943,-129.11275163266666,14.989968879797985,-108.17934952378717,126.15102547399273,130.1171583078839,139.63601670082284,-12.610544037734803,-11.402899603624492,-7.953385065606086,13.666659535317711,17.311289167224167,-11.718247037548597,123.86757356248285,133.48813352436727,215.4397055179152,-11.520772182021462,-6.634721862722505,-1.8199994074668047,-90.29890229431275,-72.98214687422886,32.684913930955915,162.23138562356908,290.23414018124464,171.96827857251256,-79.88252444085438,0.5261309397716617,-3.1403934886744604,27.000486244344806,34.176905921047,-54.44024046304745,121.76512087507164,124.91486834863906,142.31637859003132,-10.941897996989354,-6.77232620507589,21.920032640829984,-32.81383499538094,-28.683912873002384,-13.388896551590143,148.06978199045568,153.18888560442343,201.43717662000338,37.19948504138994,49.84539140704017,-4.7363373700711255,-53.941795508831106,-17.206792001493195,-73.78838919036359,92.48320496980149,258.29469006759484,180.38307410794013,-326.6681781755857,-76.73920793415788,-7.0581500225412634,-283.1709533005166,-164.74991112274117,-51.0910745005518,112.2132123630447,113.47515219884046,120.68324010469512,6.505008805078306,9.183378235703906,-7.205830144445908,-36.244236467635396,-39.7775197591574,-24.698773956691586,137.85794170193552,129.17157085614497,175.19398872488912,-67.28754323955879,-47.402272660802325,-16.285472159750842,-11.134881076415612,7.000308075670378,-103.45952089563134,74.7371960608607,210.50506451602436,144.2516088926146,-114.8578815501107,-78.89806037862793,-58.48854452377191,-326.9777322463847,-146.99496129733816,61.30408739492595
0.6520499139092556,122.29178689058685,125.77577705481093,139.8275436641411,-41.492909654981936,-37.12609852571592,-1.4431557636521972,25.66446457734887,17.113545745711455,41.63832643122797,131.96669624956112,140.97031522168086,206.4771219331724,-40.757386944355346,15.126503332126115,-85.95494484177804,185.95068389050763,122.37322841257343,-70.97205560684384,201.75322443524107,285.87283200299964,175.89925412394234,-278.2935609408289,-145.36963423095787,13.965136068958945,149.63816031468238,-205.16912355464027,-40.69246351672505,127.15571540707846,130.23047645913965,140.0935125317272,10.974731287549165,10.711121993502553,21.62968015396403,50.94325397139664,45.26412120460464,11.314526444187212,126.34251668369997,135.52668492285653,229.61466207668556,54.674070418048984,44.99444607318375,40.23224881635166,-3.4181639897324967,-22.31020010675199,23.11997590419646,309.18556384977416,358.8204279873139,203.4777038192667,-62.51442037222732,64.13492267878321,54.01505285661084,496.0195048313171,77.31219228910791,15.102112627055627,119.48394981133842,123.20331163910103,145.46038954166931,49.96428145907458,47.25651170527873,-0.3796260534694497,105.45498143113767,97.58005579324777,39.02214865265185,157.287030373324,161.64316869627484,232.61854008154017,-42.53735108440114,-57.28175498831809,10.700768414167735,46.25103214323812,-2.193749828440944,98.06871224432989,182.57814667478624,347.06055992045987,209.88269700796616,70.18208461331528,-49.047255223708056,-57.8997188063512,178.67085173439224,108.11848399854804,57.44051750020664,115.31052005105491,118.31187444482354,140.02073940828203,34.37786781135513,30.000098931853863,-17.302917138520375,28.56444735794721,16.441879565735604,17.607235071349464,138.66732764448753,150.88251021212898,163.3422671283619,8.463900282675638,-40.22824437970494,99.38488063228993,134.79202692146657,73.85712670420615,-69.65557521702064,172.37859028305485,194.66303272204632,153.00263217999844,-198.6832320981142,153.65083200298704,47.88772448103072,326.2213344698397,-119.08936446328897,12.303474422548721
0.6754874139092556,124.96072517718568,127.49624280144104,119.95271690687547,-18.818039693396372,-16.88496021405038,-31.149787956867222,-6.849179769376746,-5.325449454915635,-23.990069306247268,86.57406830494823,95.6564657082316,198.87822335724806,-60.00609025807994,-56.77905662978316,18.483798114575603,-52.14964935961504,-45.98717500186311,-3.201647095175854,106.73347578898998,264.8952272933454,162.8942283394352,-1.813453780505306,62.01995376577338,-27.94563463146918,-522.1671038694404,-71.47783000451541,-13.146788796905819,111.7093813799739,116.8360424348179,121.75045138233983,3.57629389804498,1.420531672553367,-2.9421296699279753,-7.249134660692184,-1.2170495075177499,-19.5157961736212,83.75494467646172,101.01943436186284,184.92318708256906,-2.596303609433656,-4.844929439876569,1.0314290528420669,-107.37796729003003,-72.51846514848417,-62.4919811458855,158.90656138754326,232.22482284034757,119.10058446629913,199.2750139200542,52.269190905605065,28.43604610515303,-565.579059204399,-258.3584709616317,-133.5493791174774,124.28639946819173,127.58226374629899,139.81915978692462,23.923971111486566,24.79945026170142,21.748201434212195,-39.04943725431384,-36.569357148451154,-19.57530346077652,130.36706482485732,139.24220128311842,208.4259659831623,-17.93145067727403,7.0246301697880895,48.5249716135876,-32.44708294683293,-5.812651276966558,-35.34835018541889,196.6605177843433,289.4011162916903,179.9492196310153,-57.25849338655788,108.81353225515281,104.40747613432764,-355.86890564470036,-47.581480060334826,30.718232805608725,104.89175796718804,108.98205170027572,116.64803711772139,17.85959160478742,22.236700826812193,32.45279918016221,-34.817438633934486,-37.28329245695038,-62.84804298655825,88.79281034982701,107.50869161310075,185.74037674426216,-11.52729841002628,17.752435725930045,-16.790275013563512,-31.469755452188735,-68.56958709476595,23.650671519164426,4.8580771303703685,250.93018905210744,170.97524726819975,-81.78133142314022,-110.90533878535693,-44.944777116637226,-68.78900158938244,98.28264538895267,-21.21330611433457
0.6989249139092556,98.47269418392399,103.1466368110761,122.0326809410898,7.667206325316427,6.892220176598035,-16.190387699908626,54.55289938680555,47.0284243399999,72.25464357786801,108.19852980219848,123.58222797309763,176.58339330798555,-45.69631445257314,-42.26704606349864,-34.325218027635344,218.43851910401816,150.46817170135475,110.03216664027184,183.410417758556,244.2999908176561,139.9466928219334,-345.59883372717314,-130.53449317610088,-32.54017259029763,639.2601137228012,257.77902357520276,130.21781512926526,98.75711341112238,101.42194395019041,108.42700478144266,16.54603002819544,14.118291446673616,-7.29526460617842,55.08052814947008,41.143738972752125,1.1450314344366068,99.98277331243382,106.21106587142008,167.91452476823474,-26.450781273918572,-25.167378505336544,15.508458297136569,88.53435420904988,9.999027639202303,-13.740760251375596,80.0755996656951,224.61847036112547,144.43606342396512,-171.1385754884051,31.624093545026746,61.983116758446556,516.6924686809592,-3.21030642765125,0.341398632874315,105.67540108127389,108.51903509069095,121.25014816574631,0.0254565094649733,1.4431620720504048,1.367671157256613,29.390317534166666,19.47215613639414,-21.09683768270942,111.56769130215378,121.76837519412199,184.4438509190345,-15.886830587631389,-4.567027002574079,-0.25293020945404854,15.84495237608411,-36.82903503939553,10.484379084329527,237.05802396062657,278.5781014064615,167.99938435833755,-172.29829745873673,-23.800709466033684,6.743110485471662,632.967930161011,111.44325130701645,4.510365938471295,98.18607801252149,101.09933723527918,110.08438623474912,-6.1417137542025735,-5.075625055013663,-14.202555190265214,46.69676203944735,38.38500205905063,19.95389747916313,109.16229659770994,111.25124092281257,137.07942606229173,-37.45956884008383,-32.989226409133494,24.60478960367951,141.67916529560372,48.44671121622622,62.95515398887728,11.621731124152554,118.63062379000097,92.11343818113478,107.30796186105603,82.85230946947765,0.7471312866938338,560.4405488290741,100.70276519404166,-45.04302008667438
0.7223624139092556,105.85365837646158,109.83151790380202,109.55700500456871,10.825253533872159,13.815703644869744,15.51386728362043,-8.170031577169231,-6.264927963772929,-20.17834085615879,94.90454828354547,95.3385695538809,198.792410066617,-3.3483340243098194,8.407865223516632,27.269123254800313,-60.38051767816689,-50.82237166561812,20.196342350791227,96.496859191143,261.2028590520144,121.90651910665454,-241.3800803125492,-6.389649558110833,8.8427293603079,97.5139272472883,69.45705987870899,-19.163030190319738,107.90430539843892,111.3725773050742,100.23021032978154,-9.777855633698072,-12.58209389291795,-5.168571021016274,-0.7310434849254047,-0.7284765805165155,-0.26038662605998814,71.75082463981963,70.71459661134958,158.63357553651204,17.499576721160143,16.536550220101173,-58.87471479562881,20.950453043956294,10.648637850550415,48.50614364088489,71.51400744400216,150.97743599032748,57.573582947125836,-142.1297074726252,-109.43825729479505,13.827648534696717,-119.09364717378949,98.32155275201258,51.18862660820832,96.10564214737032,99.05301377923779,120.55467061976123,30.72624648140311,32.73229083942949,31.485993798905362,-40.198251297529445,-33.997433189244504,8.011451485489951,137.64007035926582,138.56802525046797,189.5767175721942,-12.686100675463392,11.948742547715643,34.189180457970345,-14.842177380892887,28.13028948266718,15.068072756163131,207.71759910386223,288.83285852686544,167.19479993869362,5.262072856211966,42.90744113453959,47.52781828510984,167.38839797653264,122.1621010933187,49.983767556416026,94.08644356857853,97.31556131118234,97.47992731593887,-9.619761321492915,-7.566176224543576,4.583674392194097,-2.846473766395955,-0.07251252279438225,8.46819894234717,70.18875650988609,82.8005399981286,128.65670341224862,-32.89557966220457,0.4936314707783094,-38.34093086926967,-13.519055323049534,4.899046495095698,-4.088605463459633,99.13891777531538,109.17600903126714,96.26243515301962,-51.902668187278955,-59.82615909501517,11.386329245890657,-90.37628681919426,-27.738859523945166,-6.047265421530812
0.7457999139092557,89.6727303732533,92.83717482526639,95.55995783983745,-20.842148792893365,-16.59450138001729,-12.83672816868479,44.917839095254195,32.97656957292834,6.584416432990356,88.75264098374727,88.49754426686138,165.58011352143183,-56.107583673178596,-27.970500795729055,6.423660580086265,112.8442884897709,31.033895920978335,-87.85148243910861,82.43226920498131,216.03407308905085,107.39451485507695,-179.48281678576063,21.187288245561746,5.601432460566372,209.89620016889023,-260.9854433488686,-118.92301054265828,96.96982607737789,100.69751729597623,96.29705235976499,3.207617192015589,2.0474448022284033,3.9321888293438545,61.7966696280905,54.538504320749546,36.863449496031365,59.33626810890698,71.07212584017608,156.9657001255076,16.13842970294994,15.038680837527258,-38.66613888082691,71.12629856713994,33.95697315864201,-18.537906337905735,84.35846033709453,191.5669832296736,98.91366084396955,-285.9320338743978,-127.94538041826246,-4.97047036581599,550.3305218502803,-60.48729565643429,-38.782210402595915,94.0377936688199,98.5152492145893,103.7987483925584,0.508521376446747,3.7570664206041835,26.61742766426708,60.81514049698009,53.12540280954526,35.5934376780107,72.14140196883832,88.45836943584285,171.11134729396994,32.32276407930539,45.61887582558717,8.792872387052293,97.55085310530878,48.40925837616353,23.562805508275357,103.75939810492937,234.44263351711746,127.26263742564073,-161.64528118552647,-26.859724360065204,11.28265956579266,283.5885571607263,7.388641898941686,20.69696133541487,87.47072742693442,90.50660121323084,98.26843794701166,-22.992113630769502,-21.466238491151614,-21.62211559997173,22.812679595871177,6.050368800595719,-28.945660480359866,92.11473716449737,96.3338633079251,134.24279794228147,-18.283769867497405,-19.233118227690937,-71.83821210382743,116.6206246763195,15.52245841568768,-20.130370786708383,28.350501960117978,140.25433567151876,91.19368316824698,-475.1586195312496,-232.29922836610083,-99.0682133864948,241.89086082274096,18.298812843554884,47.41829996764442
0.7692374139092557,78.43252525740867,79.8757757148585,86.40860718142467,-16.813916199073468,-11.787207001844042,8.621346385898379,-43.76528500514316,-41.46664789690131,-8.028235084350706,92.2275993906935,90.97666621497251,113.64447185012011,-15.486554376194695,12.128625219226356,-18.079270570685775,-5.273001413857002,23.728698631870326,-53.82793028544526,2.2073731082232966,116.95523610144532,92.84960741420055,-183.96570635316218,-68.80221771760975,-27.8190604597781,-174.95891175649598,-58.17923957254831,29.517827778878065,82.49677587351822,85.05916420260569,93.07112232622907,-9.99929522379484,-12.32005964349403,6.21092391163959,-32.379832374718546,-30.058802264848712,-48.27309292854195,91.33075347236223,93.33362019543719,132.7633985763674,59.805407995840106,48.67839901872281,-54.83165278804309,-73.68126542771934,-75.41083684721703,-35.95488126655221,79.99905242368806,156.64114883899242,94.23684270097061,-261.65277679487184,-140.95146308726405,4.680907394639436,-271.020967581234,-106.22996597421928,-109.33707473625157,88.50719860970713,90.5899710695386,102.1687338866853,-11.666904618453268,-5.951870894065574,8.017756051852034,20.556183120630195,23.91847780984409,2.934092988035913,110.57944326984901,109.81179953851517,168.4492626056075,-34.24445010606117,-1.1148898801206995,-21.469970060561316,-53.89663675442693,-40.39208947105758,4.425341697213324,189.05896250724408,256.8592865995922,144.80079523763735,-267.61729105352936,-99.90915182567993,-41.636257006936795,-262.3616965493973,-94.22525242379727,-67.24231282316534,91.4584759660751,93.61742253545326,87.85346206814141,-2.0640842999222833,1.8630741284878973,26.453727744521974,-14.606080360787825,-10.928009565512316,21.305826068867184,70.78220702498493,70.94500227459513,132.5505244357664,11.524089666047336,37.91027523826198,9.692192340049727,31.91001253217917,46.213926737140774,-97.13405775815292,41.628415289285996,136.17467129790057,76.77459598119513,-46.113995949237044,8.947508370574266,26.394058411091372,-197.32460772714543,-292.2495498486748,-125.18717486081547
0.7926749139092556,95.81874668548971,97.20539576057621,96.81793924428572,23.164592730474116,22.79806413714219,27.90742920553555,85.99282911506712,70.8287569317435,61.00537227280297,98.1026088991288,91.59251919487454,130.8425552552886,17.04991635672043,30.777747260223226,-27.686674879733147,191.94362899870166,109.62122306196562,47.85412108459337,79.31134753759183,127.14703881128992,79.22049156934062,-161.424136544978,-109.44767293180038,16.79446344740083,963.2455179987352,166.70541173463434,107.89887468970434,86.37701500316771,89.25466943714876,89.26726915500055,14.233539007986739,14.625475453316001,7.011530349720951,54.94316809452025,42.889451338860496,50.24022228465609,74.3659687533387,77.57451965894174,145.30346061184636,-31.2305356226063,-10.655938523219696,40.86629497524814,159.3678371581658,108.09993123706576,-19.32703783228396,59.26460457121007,176.9709444661775,94.68761442595941,-38.6749554396314,110.2330738714494,90.20119225469077,507.93692503760224,1.9664096971888338,92.48383413013777,89.00498610850133,90.89457734543568,99.14840246108962,-25.430371977399894,-23.10551876406289,-35.93095890541977,91.84549241714177,81.50266123560195,54.3957908640775,101.56691304228873,101.24272155982239,135.79195555634735,-79.42977773143909,-63.12774870474513,-7.121084185180658,153.7425009570101,71.95454128535168,13.558268129703645,148.3846556717779,166.61764344896315,101.86059682916648,-176.5510139919441,4.4200579965224,-19.691247853442334,312.0672108207316,-99.53537345980739,-47.32097248783288,92.52477203265296,94.93166197248419,88.22501712234607,-31.095165710124885,-26.92692694150663,0.3780799823105448,58.81940372035486,46.52280260742116,15.4073605849314,69.69127702880917,68.63268998570206,130.75493951865747,-35.465638109745,7.064633391003526,-53.49430903294,127.60361252148104,37.394729646502725,16.095299458919232,68.70173511398652,125.58523662097727,60.15158960383801,-52.972330980038,-74.88175444459164,-6.6570899428656265,487.9086690798692,14.849594737905866,-18.663113112875056
0.8161124139092556,78.53027549939125,81.50664375644695,92.6917999305501,-16.408991419820808,-14.318664119026465,-12.801040413533656,-18.544498582148474,-17.963032774352012,-25.143554847151965,80.52185600128696,91.13548292064382,118.4906471587237,-47.30705804951072,-27.44420795361424,21.38406477960196,-60.56515435680601,-41.453251602027095,-54.65170820195864,114.12665747150328,140.15993335122897,91.10231587960072,184.32731994880567,117.39026637666366,27.628761455936463,-235.73454711544875,-110.19292940905858,-24.536916415360494,83.32325471706609,84.4756275123377,77.71065170827477,-0.8837732865480359,-0.18885329079246838,-24.343019743724227,-7.375513631587827,-4.5169961583278635,10.46146760188342,68.23396943952301,65.13788197796173,133.36362642889517,-56.38833935076527,-60.75629289526792,20.19435023237777,21.75085938802887,24.313470887150768,22.13064753488067,51.571866806048924,167.59253182223344,97.15512761873106,122.56870641764554,50.655697163947956,-47.62801209727472,-103.69338122960338,18.378343873007214,-1.8149824148046665,74.73835012885029,77.68356839002587,82.9726703175697,2.034705925177087,2.4515934408277325,2.975478637139001,-31.024148918325835,-27.890202874127215,-34.744453111981684,80.32507544592043,80.28920226246201,130.49604231168678,-16.178901645470976,0.13675738481625957,8.154776488907391,-38.94258573277063,-47.12214350430857,-3.1566306881551673,37.50111870726502,150.97573175567982,78.13593112112815,-165.96975544738277,22.984096358811808,59.015531132181636,-149.15879892897965,-32.37559058337026,-94.14802248295885,67.25405604806429,68.89756062443513,80.751750080508,-15.549475697220576,-13.019093388344759,-11.295080037527322,-19.202699653335866,-17.241546918806595,-12.60074242439422,80.1706951631346,87.47966525939083,100.65723342153399,-34.0983629834658,-20.409279086722602,-18.451356145777186,0.41605915596162396,-6.3932012669330955,-70.41807587829302,65.75079729764026,126.18539935520052,101.74545466659448,-139.33824862934623,-51.223917940181344,-34.17480878684283,-334.174279569158,-238.4537491129922,-129.9866808215373
0.8395499139092557,66.40879510894533,70.16456739610699,84.72061532169997,-16.01070981695411,-13.395940727374011,1.880260487206433,38.17296992608734,33.712325007855455,-1.9026498202071385,70.55047583236666,83.53634831584786,113.8015726222508,-16.292306661448535,8.899391246476988,-2.8540042646885673,1.3497453100952812,-35.10293298143613,45.92322259581651,171.06481533362222,150.78101078248784,77.27786227782633,-163.2572738950218,10.426979988790306,41.27101870457985,585.5169583384745,120.67395794040301,-36.495249626350564,76.55515802821184,78.75284413835749,83.50687529487044,-22.295455029526792,-20.114928560253276,-16.92898070757059,10.354153225223062,3.693128995076448,-5.6553548685455235,65.45022460642704,77.10539869033578,99.76593091440112,2.6549673979443256,-9.625262184133971,17.387516216515877,33.23288948249986,10.341893699401885,-31.209433270803142,4.8403975776018235,94.83959229724827,87.8639099487645,-134.28139482790868,15.453750968812775,-40.70674558733442,84.82072210981025,-25.575480704059146,41.01779995482363,84.91600772885045,86.957294220485,93.63957790402847,-9.548612650732586,-1.6401455322681215,6.84378183518445,33.06144379397553,25.7376111929565,-0.7541111999435822,87.02905514305733,92.00713117737105,134.94034388379498,-48.42757471021955,-18.23782818496501,15.447403601654928,44.915489848565635,-0.6306749146439723,43.029253712472574,115.20627841031856,176.70340695165646,113.60443121747949,-124.66363084510571,-30.860302297608534,-74.94463599852409,341.8835338031472,126.01266366525101,44.76236907185649,71.01136202349522,74.10988316567162,84.34036350321783,-2.3759078632580746,3.2091407887764367,19.178537017461196,25.436488269427556,19.435671568467978,0.09609289607453901,61.712633343340485,78.9106896421382,110.12292494996366,-19.336444902048623,13.259915412732324,25.27412869663793,63.54942191544812,7.605448423360065,22.510204778205292,100.15131391594207,142.41435870006748,97.61961136024348,-149.17727335775524,22.844740255528603,17.067655892490613,378.3835993885689,47.12665536822097,-36.848292246772495
0.8629874139092557,58.02393128346664,60.95788369634056,65.61197980365942,13.487757719182751,16.68801172825649,4.151037790830968,-19.235819545657606,-16.59735780072454,2.8574051804059675,53.690753717704986,59.249507748621,114.91586130884782,-59.66395295534144,-34.59892326182842,38.50078632158236,-8.894182762862647,14.080698524978924,11.109210812715467,89.34169263151601,161.14214812232953,75.04739175615357,26.156963111427828,73.29095679691446,13.013238183432064,-1.5449188668368272,69.70498133878542,50.23626802237643,70.2221461964007,72.5016923998059,66.62256083470992,-3.43360062128825,-2.831557236135583,-7.624059738449234,-4.007934048547816,-6.486512822335863,-19.16282905859327,45.14841612788164,47.90895447562023,112.94512348649437,-34.69230110970049,-23.80274122542429,-11.049069383203934,14.164479613632173,-14.968196508717988,9.768601698700069,78.71470680054527,134.85138079788084,60.15409798174815,107.17125473067986,1.1441162924284116,-15.23323974328782,-14.469027761627057,18.64722049410022,-18.39056249790726,82.6058179956749,83.16419497319733,79.12483794124778,1.6282464112293096,4.415165673944854,1.2458676966930762,-26.3281760129909,-25.08235168732323,-21.012500181223285,76.94427007049919,72.34984959314781,107.73708349552055,-53.59246025949264,-23.08624393392628,39.10861618631164,-7.996379799264095,-10.857333299230575,-3.1817359360484057,14.577632789656501,102.53372836089932,79.15025026976322,5.354506302715271,115.13501656620434,61.95500628637104,-250.4597101707579,-11.217553541354835,-7.315405086461398,72.60038772620254,76.18030783629193,82.26260274531451,7.882616836901578,8.784633237310707,-23.60627571895389,3.751667978116203,2.7770033306675272,-21.668982884782274,60.80610683245347,71.91057763701525,90.06202755014795,-62.94044680053223,-65.501741300592,1.7966262459516933,-29.311539266238558,-45.83877492820005,21.844133840005266,12.241898086272528,53.73893563644698,38.494133552430796,-299.5990249817801,-68.39394324669885,-59.4549509249461,40.43060723254777,40.556574411438575,-31.604039999699477
0.8864249139092557,63.37351578508674,66.8742569267695,71.55668806022791,1.1263371723109539,5.581476268038247,3.106760234574355,54.46500545184633,49.740853198421185,27.92084088669865,40.947635915052864,57.788289002327076,95.18434066586906,-18.905876960364818,-12.121102994783794,62.87174420842364,59.403771745743704,18.521174577913754,26.862556111477335,47.16305047650839,103.79890013262417,63.7602526296255,-156.28818117972145,85.35089942844745,-0.597467709534672,389.25546973447445,7.2077236088761305,-41.20808739076696,65.58338804485108,67.19389582928059,71.24257406986226,-10.752908178558057,-4.057787069342137,24.297865862518798,47.996879774350006,42.34977668828864,-6.88270279879396,58.150731808362,66.43907697564453,95.065134113804,-11.640131136843042,26.800285707822084,8.821713910252894,2.008680355085986,-43.766022925997746,23.106990771830027,67.38813089184362,117.22873715981389,86.00780302903343,-54.78953475801395,-0.6066182753816783,-3.5080714921733644,155.15654553188216,-11.326684575468144,-57.16448732415385,70.30330964646201,71.5308636121111,67.58282601843543,-1.7949657832011225,-1.95508493091037,-5.980317199561071,9.978776972368772,7.6156422484315,5.969144274157116,51.2486950909204,55.02996042800586,119.57126594643397,-39.9435378044816,-20.959948433501143,-5.654255887048825,52.87686431258321,23.32358166454249,1.993141336856826,108.22575522057713,176.48182307072275,101.02719189040292,105.92234405898085,41.426054308071784,35.84110406320054,-5.35126642415139,-33.35866440738607,-24.379299478666546,66.52305863488883,70.02838968223342,73.9658136002616,7.587884408893565,8.875451791511018,9.40297677034547,34.33568088226026,27.675984813474816,7.125121383946261,48.44883910050045,61.491463242071895,106.39651942289376,-10.667183331134668,4.5287349750348636,14.91431347999924,58.71512338548241,12.508639120775692,48.148315219555094,29.365780050888386,117.9040768803602,67.82343109764523,-207.22816080155172,7.337636317268169,42.8637901766953,387.4683396730379,129.86452287226828,37.806492112441425
0.9098624139092557,57.04531674749477,61.21766155387655,69.93881754893694,-17.92980720145087,-16.331637129710067,-27.023484583911618,-6.063063402127961,-5.290371593739367,-0.7161819848047338,47.810162364047635,62.38907387779451,99.83895154655757,-49.5189725276394,-46.80751408133514,-4.172025504299039,-21.5383489216465,-6.419103045589878,12.619980578931724,8.207569070640181,106.86311903179774,60.00251002006299,-45.59866553296317,-1.7423783453726434,-44.73799112379653,211.74898942677066,88.85782638064615,34.080996084050646,68.80190767336461,70.51305214121567,67.87110158282434,-13.785375111802583,-7.461167906849345,10.342443783494678,7.17843646754088,6.3835950831417465,-8.530078821333477,58.271977359798534,57.0560615246696,94.39029573571777,-39.29746237104674,-3.1232162311948968,-7.188138463950498,-1.93251062188256,-17.629706997750567,11.86277951197365,43.15888611285889,85.23021275834564,45.67865689603501,53.976917173526374,-22.543852299169515,-46.06824434814114,-118.512966287389,-14.350676073713654,-23.414669435412346,64.58398570161039,67.10863375354437,72.63882341633433,0.752754678514121,4.560906702463824,8.80421183663735,-8.394410850659156,-9.851519464380347,-34.55878828603094,58.47940059584576,66.77698386918483,107.90320611376777,-43.46397761725062,-9.107139213552804,36.81440154474731,-29.938406289424133,-54.39227790686911,-81.52035364435973,94.94125832015973,141.59349026862688,81.045792670886,-56.50009710863746,93.147117605865,58.978594198877595,-220.72520616759874,-253.11112034703183,-164.50220143899145,62.913614479420126,65.98141824984832,69.42755892267955,-3.2582784048654467,-2.4948829803726906,0.3565771052269693,11.849731063727729,12.35480684106734,2.247051856209264,47.4551658119108,59.11280385077091,101.22764103939306,-18.446029066862586,-3.6941460673648763,-0.2359475489585565,-5.298979135927532,-8.412694086115502,23.053223559928973,0.7717237515893434,112.85997830476846,71.28824433339614,-8.014715282141443,21.077581108867335,27.40944682693143,-167.29268600635558,2.6671723542768357,2.3486922107973687
0.9332999139092557,61.739124982218925,64.62878216828257,62.57294040065048,-20.110774421213502,-15.973236800580688,-0.8601688913673162,13.337043452800941,7.909054572631445,11.7426412781857,36.640856491510796,45.55420073767019,106.41129433795886,-26.696476172563553,-1.1820866359511897,19.64477107829991,66.08782464562142,39.79379061026521,23.59898927795945,50.87326010873521,133.04816875155205,64.03819327898846,-28.431668527774352,70.38335371316896,25.79709046283029,374.37198116975867,123.50798303409941,74.58708702863773,63.41405405656299,65.7442563593907,60.66849860105832,-0.6511212534525156,1.4202096313158752,1.8514646230052951,5.186211520837179,4.42167592944575,-2.2296658281345993,38.37129176234322,42.56859798618243,85.2017916026334,-20.64373024976458,-6.599192867422601,20.03899434357764,1.0626929972066632,-7.710632641060684,-11.900927648167194,11.953690397490508,67.77791089167873,32.58161077128614,-120.20473982119609,32.978175281191106,23.545686418331798,44.37805866642609,-41.84459426742623,-37.77495414392,64.58409823349736,65.66523739506438,63.97399711628605,-7.30219677291656,-5.23926254557234,-0.793319736444156,6.478064190961304,1.6290935440010026,-13.565717550716645,61.44926282203181,58.45930651667392,101.95357460367852,-0.8813024685571473,0.564461233306588,29.531702386685577,9.129329506937198,-12.014559813234687,-15.150194713350551,47.68991297933461,122.57340209890276,71.54782254332996,-32.538866648353704,58.4564988036701,5.04277292257021,87.86064311831657,-1.5967393831571803,13.854390110989586,60.76202011017597,63.105173177239,68.3514387860017,-7.291136551772875,-3.489879992993105,11.381565809452093,-17.945892935623153,-19.97514647868224,2.1891118345018934,62.78464836518024,66.6093065688706,75.91858312860022,-20.457547625689806,9.383215587168467,3.3175150885828995,55.893951366761605,41.544852950810736,-42.25702561655689,79.16973891304413,36.217126949570314,41.981157070754094,-90.672545107819,6.220521541279223,21.24008234343729,170.15756614725905,-49.70055995207611,-17.248975120747758
0.9567374139092557,59.06804251318576,62.59775815890856,65.03827914739566,-10.957241156418059,-9.56696087003976,4.500560925315349,36.19588454762733,33.48914844940371,16.336826708378876,36.58833218663194,49.96392728370536,91.14951781865426,-27.42681003105529,5.997112714628291,-40.49097428034382,19.392327548403912,4.851612736505367,36.727494980353285,25.163074247469297,91.8632592061685,47.85309735324621,-68.34026173260234,-53.29769404689437,30.74037813815038,101.1057813324164,54.38042254988773,31.48496796527898,50.39984120982687,52.73559031805895,54.823823801024844,-0.7094233748771973,1.0935985686823009,-3.0964861543973687,10.36540912232673,8.75816611709354,6.6311730932078,40.78581997029881,46.05214461435842,89.8065788785549,-13.09984020754739,-12.631727141457164,13.11608783524412,21.026249743797027,11.027848218624051,29.04574640633749,95.68873817317683,119.53268458547244,53.164360609099376,-107.76290122428442,-6.3452433865556825,-25.411016639477555,157.90381673779953,84.21139860845172,35.82119507728286,58.980497980407435,61.0461942665838,60.25478369277815,-4.518769240200519,-2.5804161616667924,11.01413549634183,29.946520459134973,25.268414834010947,2.9907891900782757,48.45652198086843,50.20184747051034,86.40988360806215,4.517913931372408,19.986563929463102,17.435266883756395,25.331683485149473,-4.275692294760662,20.00256419759291,31.872593388952144,82.44532800758896,41.711951413739556,-62.655434000978346,46.11900700436706,45.23428257901918,157.79847205188435,33.41727578548333,8.30844318341578,58.798328691588075,61.328812766550456,61.1729086678176,-4.130965815647046,-4.893367555671269,-3.9780123236508196,24.308871482173625,21.46114296262068,6.733652773022277,37.4985354811976,47.27048436077143,73.01018134335183,-7.462177658716325,-0.013362630720264012,-27.84978507200372,37.79205788248054,2.1318394394814972,-21.459363158698018,13.117874921145415,48.8753336856579,37.10160777699067,-179.20084433551213,-60.48613966916127,18.004977696630434,192.9136063936783,-106.78609329592976,-105.04069023353483
